Time,Service,Charge,Balance,Duration,AParty,Location,BParty,Applied Tariff,CDR Reference number,Band Label name,Data Volume,BucketID,BucketName,Bucket Usage,Post Bucket Value,Applied Bucket ID,BundleName,Post Call Subscriber Status,CreditExpiryDate,PreEventPrimaryBalance,RechargeAmount
06-07-2024 02:43:36,Bundle Subscription-addSubscription,0.00,0.00,-,251799500009,-,-,-,20240705234336_9e7f4f80-923a-4f93-ad22-2d400dac8362,diameter,-,-,BalanceAllowanceLimit-Balance_Pre2Post,0.00(Br),0.00(Br),-,SECONDARY_BAL_PRE2POST,ACTIVE,-,0.00,-
06-07-2024 02:43:34,Bundle Subscription-addSubscription,0.00,0.00,-,251799500009,-,-,-,20240705234334_fcafe596-0821-414c-9656-9f4f0998ffc8,diameter,-,-,-,-,-,-,ENTERPRISE_POSTPAY_BASE_PLAN,ACTIVE,-,0.00,-
06-07-2024 02:43:32,Bundle Subscription-adjustBalance,0.00,0.00,-,251799500009,-,-,-,20240705234332_d0542aab-52ae-4a77-ae45-39ead325763a,diameter,-,-,-,-,-,-,-,-,-,0.00,0.00
04-07-2024 00:57:56,Bundle Subscription-addSubscription,0.00,0.00,-,251799500009,-,-,-,20240703215756_9c7dfd35-663b-4327-84ad-51a4ac9a9ada,diameter,-,-,WELLCOME_OFFER_VOICE_ALN_BUCKET,00:05:00(HH:mm:ss),00:05:00(HH:mm:ss),-,EBU_WELCOME_OFFER_V2,ACTIVE,-,0.00,-
04-07-2024 00:57:51,Bundle Subscription-addSubscription,0.00,0.00,-,251799500009,-,-,-,20240703215751_201ce510-5a97-46a1-9309-3c926a541c9f,diameter,-,-,-,-,-,-,ENTERPRISE_PREPAY_BASE_PLAN,ACTIVE,-,0.00,-
03-07-2024 14:54:42,Bundle Subscription-addSubscription,0.00,0.00,-,251799500009,-,-,-,20240703115442_d7f0ce4f-692a-4018-b3c6-c8b895be829a,diameter,-,-,-,-,-,-,ENTERPRISE_PREPAY_BASE_PLAN,ACTIVE,-,0.00,-
03-07-2024 03:32:41,Subscriber Life cycle update -DeleteSubscriptionAction,-,0.00,-,251799500009,-,-,-,20240703003241_e8dd86af-bf81-4cba-ae78-f0abc496268c,diameter,-,-|-,WELLCOME_VOICE_ONN_BUCKET|MONTHLY_CONTENT_BUCKET,-|-,-|-,-,WEEKLY_EBU_WELLCOME_OFFER_VOICE_FB,INACTIVE,-,0.00,-
02-07-2024 03:32:41,Subscriber Life cycle update -RenewSubscriptionAction,-,0.00,-,251799500009,-,-,-,20240702003241_6eaa4393-d886-4cbc-8c16-372441a9550a,diameter,-,-|-,WELLCOME_VOICE_ONN_BUCKET|MONTHLY_CONTENT_BUCKET,-|-,-|-,-,WEEKLY_EBU_WELLCOME_OFFER_VOICE_FB,ACTIVE,-,0.00,-
