Time,Service,Charge,Balance,Duration,AParty,Location,BParty,Applied Tariff,CDR Reference number,Band Label name,Data Volume,BucketID,BucketName,Bucket Usage,Post Bucket Value,Applied Bucket ID,BundleName,Post Call Subscriber Status,CreditExpiryDate,PreEventPrimaryBalance,RechargeAmount
05-06-2024 00:24:39,Bundle Subscription-addSubscription,0.00,0.00,-,251700860174,-,-,-,20240604212439_f1a04,diameter,-,-,WELLCOME_OFFER_VOICE_ALN_BUCKET,00:05:00(HH:mm:ss),00:05:00(HH:mm:ss),-,EBU_WELCOME_OFFER_V2,ACTIVE,-,0.00,-
01-06-2024 16:59:40,Bundle Subscription-addSubscription,20.00,-10.00,-,251700860174,-,Product Order illust,-,20240601135940_75e67,diameter,-,-,MONTHLY_EBU_VOICE_BUCKET_OF,01:00:00(HH:mm:ss),01:00:00(HH:mm:ss),-,MONTHLY_EBU_V_ONN_60MIN_OF_v1,ACTIVE,-,0.00,-
01-06-2024 16:19:25,Bundle Subscription-addSubscription,0.00,0.00,-,251700860174,-,-,-,20240601131925_19cf5,diameter,-,-,BalanceAllowanceLimit-Balance_Pre2Post,10.00(Br),10.00(Br),-,SECONDARY_BAL_PRE2POST,ACTIVE,-,0.00,-
01-06-2024 16:19:23,Bundle Subscription-addSubscription,0.00,0.00,-,251700860174,-,-,-,20240601131923_09401,diameter,-,-,-,-,-,-,ENTERPRISE_POSTPAY_BASE_PLAN,ACTIVE,-,0.00,-
01-06-2024 16:19:21,Bundle Subscription-adjustBalance,10.00,0.00,-,251700860174,-,-,-,20240601131921_7f6a8,diameter,-,-,-,-,-,-,-,-,-,10.00,10.00
